Item Nbr,Description
86-21-200,"Blueprint of machine assembly consisting of gear and shaft subassemblies.  Notes in oriental language pictographs except for Arabic numerals.  Dimensions given in standard U.S. units.  Relevance to Nichols collection is currently unknown.  Sive of blueprint: w = 1270mm (50.0 i.n) and h = 692mm (27.25in.).  Accordion folded.  This item needsextensive restoration."
86-21-201,"Newsletter ""Tax Talk"", Vol. 18, No. 4, 1955. Published by thru Massachusetts Federation of Taxpayers Associations. 8 pages, size 279mm by 292mm (9.0 in. by 11.5 in.)."
86-21-202,"Blotter advertising the ""Locomotive Railway Carriage and Wagon Review."" Unused as a blotter. Size 114 mm by 241 mm (4.5 in. by 9.5 in.)"
86-21-203,"Reprint ""Alma Steam Motors"" from ""Steam Car Development and Steam Aviation. and Steam Aviation"", in. by 8.5 in.)"
86-21-204,"Biographical monograph entitled ""George H. Corliss of Rhode Island, 1817-1888"" by Robert Stowe Holding. Published by the Newcomen Socienty of England, American Branch, New York. 20 numbered pages plus front and back covers.  Size 152mm by 229mm (6.0 in. by 9.8 in.)"
86-21-205,"Negative photostat of a Latin monograph on the Invention of pocket watches. One page summary in English with remainder of the 58 sheets in Latin, printed in Gothic type. Title: ""Cosmographia"", author Pomponlus Mela. Size 216 mm by 279 mm (8.5 in. by 11.0 in. )"
86-21-206,"Time table Fitchburg R.R., Hoosac Tunnel Route Boston west to Troy, Saratoga, and Rotterdam to June 17, 1889. Open size 305 mm by 533 mm (12.0 in. by 21.0 in.) folded to 92 mm by 127 mm (3.62 in. by 5.0 in.)"
86-21-207,"Roster of Post 29 G.A.R. Long title: ""Francis P.H. Rogers Post 29 Department of Massachusetts G.A.R., Waltham, Mass., 1892. Handbook includes data on post organization, dues, roster etc. 22 numbered pages plus 4 printed but unnumbered plus 6 blank. Size 83 mm by 127 mm (3.25 in. by 5.0 in.)"
86-21-208,"Date book for January 1948. Souvenir from Browne and Sharpe. Entries only on pages for Jan. 1, 2 and 3.  Sizes 54 mm by 121 mm (2.5 in. by 4.75 in.)"
86-21-209,"Fund raising booklet ""To New Usefullness and Honor"", for the Smith College 75th Anniversary fund-raising campaign, 1950.  Size 152 mm by 229 mm (6.0 in. by 9.8 in.)."
86-21-210,"Magazine clip ""Spinning Metal"" by Herbert Wollsey from Popular Science Monthly, June 1933, pages 76-80.  Size 210 mm by 292 mm (8.25 in. by 11.5 in.).  Needs restoration or copying."
86-21-211,"""Signal Book, U.S. Nave, 1916""  64 pages, size 105 mm by 133 mm (4.12 in. by 5.23 in.)"
86-21-212,"Reprint ""Large Gears Cut with a Slotter"" by Samual Koffsky. Reprinted from the ""Iron Age"" issue of December 25, 1941. Approximate size 216 mm by 279 mm (8.5 in. by 11.0 in.)"
86-21-213,"Mounted newspaper clip with headline: ""Mr. Churchill Starts the Shooting."" Source and date unknown. Mounted on 190 mm by 254 mm (7.5 in. by 10.0 in.) Copy made 9/4/90 included. Original needs restoration."
86-21-215,"Etching, portrait of male subject.  Unidentified, unsigned, and undated. Reverse signed ""Ambrose Divasey."" Size 121 mm by 178 mm (4.75 in. by 7.0 in.)"
86-21-215,"Photograph with top border inscribed ""December 14, 1927 at eighty-one."" Bottom border inscribed ""For Mr. Paul M. Chamberlain from Ambrose Divasey."" Size 89 mm by 108 mm (3.5 in.by 4.25 in.)"
86-21-216," *Periodica] called ""The Laboratory"" consisting of detached cover sheets and pages 43-58. Cover sheet legend: ""Published by Fisher Scientific Company, Pittsburgh, Pa. and Montreal Canada, Volume 10, Number 3. Contains articles of scientific historical interest as well as catalog descriptions of items for sale by Fisher. Size 152 mm by 229 mm (6.0 in. by 9.8 in.). Date unknown."
86-21-217,"Envelope contained photographs postmarked November 30, 1948, New York, N. Y., Grand Central Station. Reverse side notation: "" Mrs. P. M. Chamberlain"" (handwritten); Beekman Tower, 1 Mitchell Place, New York 17, N.Y. (printed); ""Brattleboro Photographs"" (handwritten), Size 95 mm by 165 mm (3.75 in. by 6.5 in.)."
86-21-218,"Photograph of cemetery monument (see 86-21-17) Inscription on monument: ""Col. James Fisk, Jr.""; ""Born April 1, 1835""; ""Died January 9, 1872."" Size 89 mm by 121 mm (3.5 in. by 4.75 in.).  Found in envelope cataloged as 86-21-217."
86-21-219,"wide angle photograph of monument shown in 86-21-218, Size 89 mm by 123 mm (3.5 in. by 4.75 in.).  Found in envelope cataloged as 86-21-217."
86-21-220,"Photograph of WHN viewing monument shown in 86-21-218.  Size 89 mm by 121 mm (3.5 in. by 4.75 in.).  Found in envelope cataloged as 86-21-217."
86-21-221,"Photograph showing close-up detail of monument in 86-21-218. Size 89 mm by 121 mm (3.5 in. by 4.75 in.).  Found in envelope cataloged as 86-21-217."
86-21-222,"* Photograph of Laural Mausoleum showing date 1880 Inscribed In doorway lintel. Specific location of the monument shown In 86-21-218 to -221 and mausoleum are not specified but it is assumed that both are In the same cemetery. All photographs were found in the same envelope, cataloged as 86-21-217. Size 89 mm by 121 mm (3.5 In. by 4.75 in.)."
86-21-223,"Catalog of books ""called Mars List No. 16. from Jeremy North 1951."" Mimeographed with black ink on yellow paper.  15 sheets size 216 mm by 356 mm (8.5 in. by 14.0 in.)."
86-21-224,"Letter from Edwin A. Battison to Arthur Nichols dated 16 March 1965. Typewritten and signed ""Ed"" on 216 mm by 279 mm (8.5 in. by 11.0 in.) letterhead printed as follows: ""Edwin A. Battison, 2833 South Columbus Street, Arlington, Virginia 22206."" Needs restoration to remove a few light stains."
86-21-225,"File folder with legend typed on cover: ""George Henry Corliss and Hiram Corliss"", Size 225 mm by 298 mm (8.88 in. by 11.75 in.)"
86-21-226,"Obituary of George Henry Corliss, manufacturer of steam engines, was horn June 2, 1817. Date of death not given in the obituary but Identified in item 86-21-204, a biographical monograph, as 1888. Typewritten on four numbered pages of bond paper, 216 mm by 279 mm (8.5 in. by 11.0 in.) in size. Author of obituary, date, and whether it was published are unknown."
86-21-227,"Obituary (called Congregational Assembly) for Hilram Corliss born October 21, 1793 in Easton, New York and died-September 7, 1877 in Greenwich, New York. He was the father of George Henry Corliss. The Initials ""C.C.S"" appear at the end of the obituary. Typewritten on 216 mm by 279 mm (8.5 in. by 11.0 in.) bond paper. Author of the obituary, date it was written and whether it was published are unknown."
86-21-228,"Catalog of autographs publication, ""The Flying Quill"" issue of October 1950 published by Goodspeeds Book Store, 16 Beacon Street, Boston 8 Massachusetts. Four pages, size 229 mm by 305 mm (9.0 in. by 12.0 in.) folded."
86-21-229,"Photostat of a hand written receipt for a purchase of si1ver tirnekeeper dated April 1807. Cursive script requires interpretation. Size 102 mm by 216 mm (4.0 in. by 8.5 in.)"
86-21-230,"Catalog sheet for Deluxe models of Browning automatic shotguns in French, English, German, and Spanish. Issued by Fabrique Nationale D'Armes de Guerre, a Belgian arms company, Four pages 216 mm by 273 mm (8.5 in. by 10.75 in.)"
86-21-231,"Reprint ""L'Armurerie Belge"": from La Construction Metalllque No. 9, September 15, 1938 in French. 32 pp + front and back covers. Size 210 mm by 267 mm (8.25 in. by 10.5 in.)"
86-21-232,"Blank memo pad with top printed ""Memo from W.H. Nichols."" Bottom has advertising for Rubel Machinery Co.  Size 140 mm by 210 mm (5.5 in. by 8.25 in.)"
86-21-233,"Louise B, Nichols bank statement from Newton-Waltham Bank and Trust Co. plus two cancelled checks. Undated but last transaction on June 19, 1958. Statement size: 130 mm by 229 mm (7.0 in. by 9.0 in.) Check size 70 mm by 159 mm (2.75 in. by 6.25 in. )"
86-21-234,"Louise B. Nichols bank statement plus one cancelled check. Last transaction July 9, 1958. Same bank and item sizes as 86-21-233."
86-21-235,"Double photograph of Bert and Eleanor Nichols mounted in display folder. Hand written legend on back of folder: ""1957, 50th anniversary cf Bert and Eleanor Nichols.""  Bert Nichols was the Canadian native brother of WHN. Sizes: Photographs 64 mm by 95 mm (2.5 in. by 3.75 in.); Folder open 165 mm by 241mm (6.5 in. by 9.5 in.)"
86-21-236,"Blueprint: Cross section diagram of clockwork mechanism. Title: ""6.5 Ligne Oval.""  Legend below title: ""Waltham January 1927."" Stamp on reverse side: January 20, 1933. Drawing size 229 mm by 483 mm (9.0 in. by 19.0 in.)"
86-21-237,"Handwritten letter mounted on backing sheet. Salutation: ""Dear sir""; Signature: ""Horace Greely."" Dated April 15, 1860 . Testimonial to the accuracy of American made watches. Letter size 127 mm by 146 mm (5.0 in. by 5.75 in.) Mount size 152 mm by 222 mm (6.0 in. by 8.75 in.)"
86-21-238,"File folder with this catalog number contains four related items originally consisting of a photographic double mat, folder-mount containing two color prints each 102 mm by 127 mm (4.0 in. by 5.0 in.), and an envelope fragment showing a postmark. Each Item is separately cataloged and stored. The four archival envelope are stored in a folder with the number given above."
86-21-238A,"Color print originally in left hand mat identified on folder as Bertha."
86-21-238B,"Color print originally on right hand mat and identified as Riley Brett."
86-21-238C,"Double mount mat folder with ""Bertha"" and ""Merry Christmas"" below the left opening and ""Riley Brett"" and ""Happy New Year"" below the right opening. At the bottom of the mount is ""1957."" Size open 171 mm by 241 mm (6.75 in. by 9.5 in.)"
86-21-238D,"Irregular scrap of envelope, 38mm by 38mm (1.5 in. by 1.5 in.) containing postmark: Dec. 8; 6:30PM; 1956; Los Angeles 15; Calif."
86-21-239,"Dinner menu and list of signatures plus front and rear covers, bound at top with cotton string through holes, Front cover contains wash drawing of a two female-figure statue. Menu of banquet dated March 26, 1892 on onion skin paper. On inside of back cover is a list of signatures. This item needs further research on its origin and its connection to WHN. Covers of art board Size 133 mm by 222 mm (5.25 in. by 8.75 in.)"
86-21-240,"Index card with notations. Upper left: ""the Model Engineer"", circa 1927. Covered with notes that need interpretation. Badly yellowed and needs restoration. Size 76 mm by 127 mm (3.0 in. by 5.0 in.)"
86-21-241,"Magazine ""Compressed Air."" Issue of October 1967. Review of the capabilities and economies of air and gases, Thirtytwo pages. Size 210 mm by 292 mm (8.25 in. by 11.5 in.)"
86-21-242,"Carbon copy on onion skin paper of text and name list from the Waltham free Press-Tribune May 20 1920.  Seven pages each 216 mm by 279 mm (8.5 in. by 11.0 in.), Needs restoration: some pages dog-eared, some with edge deterioration, and yellowing.
86-21-243,"Listings of names entitled: ""Waltham men who served in the revolutionary war, taken from the archives of the State of Massachusetts."" Consists of two parts: A four page list of the names of the men in alphabetical order (page 1 missing); a 46 page listing of the details of service for each individual. The missing page 1 can be restored by reference to the detailed second list. At the end of the listing the following information is given: ""Compiled by Martha Velie Friebe, 4 Riverview Ave., Waltham. Typewritten on onion skin paper 216 mm by 279 mm (8.5 in. by 11.0 in.) in blue paper covers tied along the 11 inch edge with string."
86-21-244,"* Photograph of the power launch ""White Swan"" on land. Photograph probably taken in March 1941 in the vicinity of the Woerd Avenue Boat House on the Charles River, Size 235 mm by 311 mm (9.25 in. by 12.25 in.) Item stored in oversize file box #1. * Photograph of the power launch ""White Swan"" on land. Photograph probably taken in March 1941 in the vicinity of the Woerd Avenue Boat House on the Charles River, Size 235 mm by 311 mm (9.25 in. by 12.25 in.) Item stored in oversize file box #1. 4 * Photograph of Photograph probably taken Woerd Avenue Boat House on mm (9.25 in. by .12.25 in. ) the power launch ""white Swan"" on land. in March 1941 in the vicinity of the the Charles River, Size 235 mm by 311 Item stored in oversize file box #1."
86-21-245,"* Photograph of prow of the launch ""White Swan"" showing left to r ight: Charles Schock, son of boat designer Irving Schock; i 3 Moses Colon, builder of boat; Mrs. WHN; Mr. WHN; kneeling Ball Bartlett; Dorothy Ann Bartlett performing bottle breaking ceremony for naming the boat. Size 203 mm by 254 mm (8.0 in. by 10.0 in.). * Photograph of launching of the motor launch ""White Swan"" in March 1941. Five men shown: left (wearing hat) is boat builder Moses Colon;extreme right Arthur Nichols; three others unidentified. Site is Charles River in Waltham. Size 203 mm by 254 mm (8.0 in. by 10.0 in.). * Photograph of prow of the launch ""White Swan"" showing left to right: Charles Schock, son of boat designer Irving Schock; Moses Colon, builder of boat; Mrs. WHN; Mr. WHN; kneeling Ball Bartlett; Dorothy Ann Bartlett performing bottle breaking ceremony for naming the boat. Size 203 mm by 254 mm (8.0 In. by 10.0 in.). 1 3 * Photograph of prow of the launch ""White Swan"" showing left to right: Charles Schock, son of boat designer Irving Schock; Moses Colon, builder of boat; Mrs. WHN; Mr. WHN; kneeling Ball Bartlett; Dorothy Ann Bartlett performing bottle breaking ceremony for naming the boat. Size 203 mm by 254 mm (8.0 in. by 10.0 in.)."
86-21-246,"* Photograph of launching of the motor launch ""White Swan"" in March 1941. Five men shown: left (wearing hat) is boat builder Moses Colon;extreme right Arthur Nichols; three others unidentified. Site is Charles River in Waltham. Size 203 mm by 254 mm (8.0 in. by 10.0 in.). * Photograph of launching of the motor launch ""White Swan"" in March 1941. Five men shown: left (wearing hat) is boat builder Moses Co 1 on;extrerne right Arthur Nichols; three others unidentified. Site is Charles River in Waltham. Size 203 mm by 254 mm (8.0 in. by 10.0 in.)."
86-21-247,"* Photograph of the motor launch ""white Swan"" underway on a river with three men aboard: one man forward and two amidships. A cemetery is shown on the far shore. The location may be on the Charles River in Waltham, Size 203 mm by 254 mm (8.0 in. by 10.0 in. ) . * Photograph of the motor launch ""White Swan"" underway on a river with three men aboard: one man forward and two amidships. A cemetery is shown on the far shore. The location may be on the Charles River in Waltham, Size 203 mm by 254 mm (8.0 in. by 10.0 in. ) . * Photograph of the motor launch ""White Swan"" underway on a river with three rnen aboard: one man forward and two amidships. A cemetery is shown on the far shore. The location may be on the Charles River in Waltham. Size 203 mm by 254 mm (8.0 in. by 10.0 in. ) ."
86-21-248,"* Photograph of a ""Schacht Buggy"" automobile, 1905-1906 model . Typewritten legend on paper pasted to reverse side as follows: ""SCHACHT BUGGY-(1905-1906) Cincinnati Ohio""; ""$500. (?)""; ""ENGINE - 2 CYLINDER WATER cooled - h.p. in rear crank at back."" Size 152 mm by 229 mm (6.0 in. by 9.8 in. ) 2-5 2/20/91 * Photograph of a ""Schacht Buggy"" automobile, 1905-1906 model. Typewritten legend on paper pasted to reverse side as follows: ""SCHACHT BUGGY-(1905-1906) Cincinnati Ohio""; ""$500. (?)""; ""ENGINE - 2 CYLINDER WATER cooled - h.p. in rear crank at back."" Size 152 mm by 229 mm (6.0 in. by 9.8 in.) 2-5 2/20/91 * Photograph of a ""Schacht Buggy"" automobile, 1905-1906 model. Typewritten legend on paper pasted to reverse side as fol]ows: ""SCHACHT BUGGY-(1905-1906) Cincinnati Ohio""; ""$500. (?)""; ""ENGINE - 2 CYLINDER WATER cooled - h.p. in rear crank at back."" Size 152 mm by 229 mm (6.0 in. by 9.8 in.) 2-5 2/20/91"
86-21-249,"* Photograph of whn and Mrs. Louise Nichols Note at bottom border: ""W. H. Nichols + wife"":. size 83 mrn by 108 mm (3.25 in. by 4.25 in.) This item is a gift to the museum by Edward Mann, September 1990. Mr. Mann reports that the photograph was taken in the home of his father, Mr. David Mann, in Lincoln, Massachusetts some time after January 1941. *** Note *** Items 86-21-250 through 86-21-271 are all photographs that were stored in a red cardboard expansion portfolio. The photographs were removed and separately cataloged. Most photographs have no Identification of when or where they were taken. However', most were taken at the WHN plant, indoors and outdoors. One indoor photograph has a note on lower border ""Tool room dedication."" An outdoor group photograph has a notation that it: depicts ground breaking for Building 6. * * * End of Note * * *"
86-21-250,"* Photograph of heavy-weight boxing champion Jack Dempsey and Henry Haldy taken indoors. Size 203 mm by 254 mm (8.0 in. by 10.0 in.) Reverse side notation: ""Manassa Mauler and Henry Haldy."" Stamp at center cf reverse side: ""Photograph by E. M. Logan, 28 Vernon Street, Waltham."" Upper right hand corner has the entry ""#11."""
86-21-251,"* Photograph of Jack Dempsey with unidentified machine tool operator taken in machine shop. Size 203 mm by 254 mm (8.0 in. by .10.0 in.). Reverse side upper right hand corner is marked: ""Uli."" Same center stamp as 86-21 -250. Date of this item and 86-21-250 presumed to be the same however this is currently unknown ."
86-21-252,"* Photograph of Hart Nichols and five men of the WHN bowling team at entrance to 48 Woerd Avenue. Men are Identified Supplement No. 1. Size 203 mm by 254 mm (8.0 in. by 10.0 in.). Reverse side notes: ""The Gerotor 5 League Leaders""/ ""54% page 26."
86-21-252,"* Photograph of Hart Nichols and five men of the WHN bowling team at entrance to 48 Woerd Avenue. Men are Identified Supplement No. 1. Size 203 mm by 254 mm (8.0 in. by 10.0 in.). Reverse side notes: ""The Gerotor 5 League Leaders""/ ""54% page 26."
86-21-253,"* Photograph of Santa Claus distributing gifts with unidentified children waiting in line before a Christmas tree. in ‚Ä¢I Size 203 mm by 254 mm (8.0 in. by 10.0 in.). Reverse side stamp: ""W.B. Hay, Waltham Mass., Photos."" This reverse side stamp appears on a number of photographs and will hereafter be called Hay Stamp."
86-21-253,"* Photograph of Santa Claus distributing gifts with unidentified children waiting in line before a Christmas tree. in ‚Ä¢I Size 203 mm by 254 mm (8.0 in. by 10.0 in.). Reverse side stamp: ""W.B. Hay, Waltham Mass., Photos."" This reverse side stamp appears on a number of photographs and will hereafter be called Hay Stamp."
86-21-254,* Photograph in a large room of children and adults with bottom of Christmas tree of 86-21-253 shown at right edge. Time and location of photograph not identified. Size 203 mm by 254 mm (8.0 in. by 10.0 in.). Hay Stamp on reverse side.
86-21-256,"* Same subject as 86-21-255. Matte finish paper with 32 mm (1.25 in.) left side border. Two holes punched at border as for insertion in a two hole loose leaf binder. Reverse side has two stamps at the lower right hand corner: an identifying stamp with the notation: ""4 Jan 44, AAF Resident Rep General Electric Co., W.Lynn Mass."" Time stamp shows 2 O'clock (presumed to be 2:00 PM). Size 190 mm by 273 mm (7.5 in. by 10.75 in.)"
86-21-258,"* Photograph outdoors showing left to right: Hart, Mrs. Louise, and Arthur Nichols and unidentified man. Location and time unidentified. Size 203 mm by 254 mm (8.0 in. by 10.0 in.) on double weight paper. Reverse side has Hay Stamp."
86-21-258,"* Photograph outdoors showing left to right: Hart, Mrs. Louise, and Arthur Nichols and unidentified man. Location and time unidentified. Size 203 mm by 254 mm (8.0 in. by 10.0 in.) on double weight paper. Reverse side has Hay Stamp."
86-21-258,"* Photograph outdoors showing left to right: Hart, Mrs. Louise, and Arthur Nichols and unidentified man. Location and time unidentified. Size 203 mm by 254 mm (8.0 in. by 10.0 in.) on double weight paper. Reverse side has Hay Stamp."
86-21-259,"* Photograph on a dais of Hart, Mrs. Louise, and Arthur Nichols with unidentified clergyman. At rear center of dais Is artist's portrait of WHN. Reverse side has Hay Stamp. Size 203 mm by 254 mm (8.0 In. by 10.0 In.)"
86-21-260,"* Photograph at same site as 86-21-259 showing to right WHN employee Sally Thomasz Mrs. Louise, Arthur, Nichols. The portrait of WHN appears in the background Mrs. Louise and Arthur. Reverse side bears Hay Stamp. by 254 mm (8.0 in. by 10.0 in.) from left and Hart, between Size 203 mm"
86-21-261,* Group photograph at same site as 86-21-259 with Sally Thomas at extreme left in the first row and 14 men in three rows. The men are Identified In Supplement No. 1 under this catalog number. Reverse side has Hay Stamp. Size 203 mm by 254 mm (8.0 in. by 10.0 in.) on double weight paper.
86-21-262,"* Group outdoor photograph at the WHN plant showing Mrs. Louise Nichols, Mrs. Frances Nichols Hoagland and 20 men in three rows. All are identified in Supplement No. 1. Size 203 mm by 254 mm (8.0 in. by 10.0 in.) on double weight paper. Reverse side has Hay Stamp. * Group of 25 year employees in outdoor photograph at the WHN plant showing Mrs. Louise Nichols, Mrs. Frances Nichols Hoagland and 20 men in three rows identified in Supplement No. 1. Size 203 mm by 254 mm (8.0 in. by 10.0 in.) on double weight paper. Reverse side has Hay Stamp."
86-21-263,"* Group of 15 year employees in outdoor photograph at same site as 86-21-262 showing (front row center) Hart Nichols, Sally Thomas, and Arthur Nichols and 37 men identified In Supplement No. 1. Hay Stamp on reverse side. Size 203 mm by 254 mm (8.0 in. by 10.0 in.) on double weight paper."
86-21-264,
86-21-265,"* Group indoor photograph. Notation on lower right hand corner border: ""Tool Room Dedication."" Size 203 mm by 254 mm (8.0 in. by 10.0 in.) on double weight paper. Photograph shows some fading and should be restored. Hay Stamp on reverse side. 2-7 2/20/91"
86-21-266,"* Indoor group photograph at same site and same time as 86-21-265. Size 203 mm by 254 mm (8.0 in. by 10.0 in.) on glossy double weight paper. Hay Stamp on reverse side, archival"
86-21-267,"* Outdoor group photograph at ground breaking for Build-ing #6. Reverse side notation in ink: ""W.H.-Reading / Mrs. Nichols-with spade / Arthur Nichols-far left / Peggy Hoagland-child / Breaking ground for Bldg #6, 1948."" Size 203 mm by 254 mm (8.0 in. by 10.0 in.)"
86-21-268,"* Outdoor group photograph on the grounds of the WHN factory. Sign on building upper left: ""Sea Scout Ship (Pioneer) 7 Boy Scouts of America / Ship #39 Sachem Council."" Size 133 mm by 248 mm (5.25 in. by 9.75 in.) on glossy single weight paper. Reverse side has Hay Stamp. 86-21-269 * This catalog number is currently unassigned."
86-21-268,"* Outdoor group photograph on the grounds of the WHN factory. Sign on building upper left: ""Sea Scout Ship (Pioneer) 7 Boy Scouts of America / Ship #39 Sachem Council."" Size 133 mm by 248 mm (5.25 in. by 9.75 in.) on glossy single weight paper. Reverse side has Hay Stamp. 86-21-269 * This catalog number is currently unassigned."
86-21-269,
86-21-270,"* Landscape photograph showing the Charles River in Waltham, Date of photograph unknown. Size 203 mm by 254 mm (8.0 in. by 10.0 in.) on glossy single weight paper."
86-21-270,"* Landscape photograph showing the Charles River in Waltham, Date of photograph unknown. Size 203 mm by 254 mm (8.0 in. by 10.0 in.) on glossy single weight paper."
86-21-272,"* Photograph of 1941 Chrysler four door sedan parked in front of factory building, Unidentified man in driver's seat may be WHN. Size 203 mm by 254 mm (8.0 in. by 10.0 in.) on glossy double weight paper. *** End of Photographs from red stiff paper portfolio ***"
86-21-274,"* Photograph of Paddle Wheel Steamer ""White Swan"" on Charles River in Waltham, Size 203 mm by 254 mm (8.0 in. by 10.0 in.) on glossy single weight paper, This print was mechanically removed from page 52 of album 86-21-273. Reverse side notation: ""Moody Street Bridge""/ ""6925-42."""
86-21-275,"* Photograph of model steam locomotive, tender, and car.. Three children in car, two women are standing behind tender. Mechanically removed from page 53 of album 86-21-273. Size 203 mm by 254 mm (8.0 in. by 10.0 in.) on single weight semi-matte paper. Reverse side notation: ""George Lakeman C and O 7-1/2 N. Bellingham July-1951."" Notation on lower right hand corner of Album page 53: George Lakeman C & ‚ñ†? 7-1/2 ga N. Bellingham, July 1951. "" 2-8 2/20/91"
86-21-277,* Photograph _r._ . of . WHN Company e office mounted on upper : half of Page 55. < Wai 1^calendar in photo shows Thur May 26 (Year illegible). Size: 114 mm by 165 mm (4.5 in. by 6.5 in.)
86-21-284,"* Newspaper clipping and photocopy of clipping, Headline: ""An Historic Engine"" Sub-headline: John Gartshore's Masterpiece in Mechanical Construction, a review by Charles McCullough. Photocopy size: two sheets each 216 mm by 279 mm (8.5 in. by 11.0 in.). Original clip size 159 mm by 4 57 rnm (6.25 in. by 18.0 in.) Original extremely fragile."
86-21-285,"* Obituary for W. Hart Nichols published in the Waltham News-Tribune for February 28, 1966. Original clipping + photocopy made by piece-wise assembly of portions of four copies. Size of master photocopy 140 mm by 279 mm (5.5 in. by 11.0 in.) 2-9 2/20/91"
86-21-286,"* Typewritten copy of an article from the December 9, 1957 issue of PRODUCT ENGINEERING entitled: ""Obituary for Two Craftsmen,"" author identified as ""EJT."" The subjects of the obituary are W. H. Nichols and David Mann. On 216 mm by 279 mm (8.5 in. by 11.0 in.) bond paper."
86-21-286,"* Typewritten copy of an article from the December 9, 1957 issue of PRODUCT ENGINEERING entitled: ""Obituary for Two Craftsmen,"" author identified as ""EJT."" The subjects of the obituary are W. H. Nichols and David Mann. On 216 mm by 279 mm (8.5 in. by 11.0 in.) bond paper."
86-21-286,"* Typewritten copy of an article from the December 9, 1957 issue of PRODUCT ENGINEERING entitled: ""Obituary for Two Craftsmen,"" author identified as ""EJT."" The subjects of the obituary are W. H. Nichols and David Mann. On 216 mm by 279 mm (8.5 in. by 11.0 in.) bond paper."
86-21-287,"* Folded cross-section drawing of water tube boiler. Size unfolded 190 mm by 502 mm (7.5 in. by 19.75 in.) Folded size 190 mm by 254 mm (7.5 in. by 10.0 in.) This item was recovered from a folder that was labeled: ""Found in records of operation at pumping station Wai. Water Works 1889."" Photocopies made of drawing. Original stored archival envelope. This together with' photocopies stored in file folder. Both file folder and archival envelope bear the catalog number 86-21-287. *** Note on Items 86-21-288 to 86-21-298 *** These items are photographs or newspaper clippings originally mounted in clear plastic sleeves in a four ring binder. Most photographs were accompanied by typewritten captions on labels, 16 mm by 89 mm (0.62 in. by 3.5 in.) Each photograph and label was removed from its sleeve, and cataloged and stored In archival envelopes The typewritten caption labels have been stored in Lhc archival envelopes with the photographs. The empty plastic sleeves were replaced in the binder and the latter, uncataloged, has been placed in storage. Items whose catalog numbers begin with 86-21-351 were also removed from the ring binder storage and will be identified later in this list in the note after item 86-21-350. *** End of Note ***"
86-21-288,"* Aerial photograph folded size 203 mm by 229 mm (8.0 in. by by 9.0 in.) from unfolded 229 mm by 229 mm (9.0 in. by 9.0 in.) Stored in folded size. Label caption: ""December 14, 1964. Aerial View of Boathouse and Charles River Waltham, Mass."" Reverse side stamp: ""Aerial Photo-. of new England / Date n*rr. 14 , 1964 / Photo Number 10."""
86-21-289,"* Aerial Photograph same size and folding as 86-21-288. Label caption: ""December 14, 1964 Aerial View of Woerd Ave. Boat House and W.H. Nichols Company."" Same reverse side stamp as 86-21-288 except ""Photo Number 7."""
86-21-291,"* Mounted photograph of steamer White Swan. Photo size 114 mm by 190 mm (4.5 in. by 7.5 in.) Mounted on black mounting board 133 mm by 216 mm (5.25 in. by 8.5 in.) Label caption: ""The original White Swan steamer taken below Auburndale Bridge."" Mount reverse side has hand written notation; ""Steamer White Swan below the Waltham Water Works Auburndale Bridge."" The words ""Waltham Water Works"" have a line through as if they are to be deleted. Photograph badly faded. A photocopy shows more detail. Photograph and label in archival envelope. Photocopy and archival envelope in folder. Both folder and archival envelope bear catalog number 86-21-291. 2-10 2/20/91"
86-21-292,"* Mounted photograph of woerd Avenue Boat House, Photo size 127 mm by 171 mrn (5.0 in. by 6.75 in.) Mounting board size 203 mm by 254 mm (8.0 in. by 10.0 in.). Label caption ""Woerd Avenue Boat House after porches had been added."" Reverse side notation ""Waltham Canoe Club."""
86-21-293,"* Mounted photograph of Boat House and regatta. '' , Photo Size 105 mm by 171 mm (4.12 in. by 6.75 in.) Mount size 197 mm by 248 mm (7.75 in by 9.75 in.) Label caption: ""Woerd Avenue Boat Hours early regatta held on Charles River."""
86-21-294,"* Mounted photograph of Woerd Avenue Boat House. Photo size 140 mm by 178 mm (5.5 in. by 7.0 in.) Mount size 203 mm by 254 mm (8.0 in. by 10.0 in.). Label caption: ""Woerd Avenue Boat House - Regatta held June 14, 1908 . "" Reverse side hand written notation: Waltham Canoe Club Regatta Gordon L. Burrows June 14, 1908 3/4 mile with turn 7 minutes 52 2/5 sec. Caption label and photograph"
86-21-295,"* Mounted photograph of Woerd Avenue Boat House and regatta June 14, 1908. Photo size 140 mm by 203 mm (5.5 in. by 8.0 in.) Mount size 203 mm by 279 mm (8.0 in. by 11.0 in.) Label caption: ""June 14, 1908 - Regatta"""
86-21-296,"* Mounted photograph of Woerd Avenue Boat House and regatta, August 16, 1919. Photo size 114 mm by 178 mm (4.5 in. 7.0 in.) Mount size 203 mm by 254 mm (8.0 in. by 10.0 in.). by Label caption: ""Woerd Avenue Boat House - Regatta August 16, 1919."" Reverse side hand written notation: ""Waltham Canoe Club Regatta / War Canoe Race / 1st heat time 6 min 10 sec / Won by Crescent CC / Second Lawrence CC / 2nd heat time 5 min 56-4/5 sec / Won by Tatassit CC / Second Waltham CC / Final heat time 6 mln 5 sec / won by Tatassit CC / second Crescent CC."" Caption label and photograph"
86-21-297,"* Mounted photograph of regatta on August 16,1919. Photo size 121 mm by 171 mm (4.75 in. by 6.75 in.), mount size 203 mm by 254 mm (8.0 in. by 10.0 in.). Label caption: ""August 16, 1919 Regatta."" Reverse side hand written notation: ""Waltham Canoe Club Regatta / August 16, 1919 War Canoe Race Second Heat / 1st Tatassit Canoe Club of Worcester, Mass. / 2nd Waltham Canoe Club / Time 5 min 56 1/5 sec."" Caption label and photograph"
86-21-298,"* Mounted photograph of regatta on August 16, 1919. Photo size 146 mm by 210 mm (5.75 in. by 8.25 in.), mount size 203 mm by 254 mm (8.0 in. by 10.0 in.). Label caption: ""August 16, 1919 - Regatta."" Reverse side hand written notation: ""Waltham Canoe Club Regatta / August 16, 1919 Club Four / Crescent Canoe Club Crews 1st and 2nd 1st crew 2nd crew A. Mosher Edw. MacDonald W. A. Moore G. L. Burrows A. Miers U. H. Hanson R. Mosher H. B. Arnold 3/4 Mile time 6 min 5 3/4 sec."" Caption label and photograph 2-11 Draft 2/18/91 NICHOLS3.DOC 86-21-299 * Photograph of Woerd Avenue Boat House. Size 165 mm by 219 mm (6.5 in. by 8.62 in.) Label Caption: ""Original Woerd Avenue Boat House built in the late 1899's."""
86-21-299,
